320	베이비 마사지 방법 알려줘
320	아기 마사지 하는 방법
320	마사지 종류는 뭐가 있을까
320	베이비 마사지 종류
320	아기랑 스킨십하는 방법
320	아기한테 마사지는 어떻게 할 수 있지
320	마사지 하는 방법
320	베이비 마사지 종류는 뭐가 있지
320	아기와 스킨십하는 마사지 종류
320	아기에게 할 수 있는 마사지
321	소화가 잘되는 마사지 방법 알려줘
321	마사지중에 소화에 좋은 거
321	소화에 좋은 마사지
321	소화 마사지
321	아기가 소화 잘되도록 하는 마사지
322	장기가 튼튼해지는 마사지 방법 알려줘
322	장기에 좋은 마사지
322	마사지중에 장기에 좋은거
322	장기를 좋게하는 마사지
322	장기 튼튼하게 해주는 마사지
323	집중력 높여주는 마사지 방법 알려줘
323	집중력에 좋은 마사지
323	마사지 중에 집중력에 좋은거
323	아기의 집중력에 좋은 마사지 방법
323	아기 집중력 높여주는 마사지
324	성장에 좋은 마사지 알려줘
324	성장 발달에 좋은 마사지
324	마사지 중에 성장에 좋은것
324	키를 크게하는 마사지
324	키크게 해주는 마사지 방법
325	좋은 인상 만드는 마사지 방법 알려줘
325	인상을 좋게 만드는 마사지
325	마사지중에 얼굴 인상에 좋은 것
325	인상을 좋게 만들어주는 마사지 방법은?
325	아기 인상 좋게 만드는 마사지
200	아기 놀이 방법 알려줘
200	아기랑 어떻게 놀아줘야 되나요
200	아기랑 노는 방법
200	어떻게 놀아줘야 되는지 모르겠어
200	놀이 방법
200	개월별 놀이 방법
200	개월수에 따른 놀이 방법 알려줘
200	놀아주는 방법 알려줘
200	어떻게 놀아줘야 할까
200	아기 머리 좋게 만드는 놀이 방법
201	1개월차에 해줄 수 있는 놀이 방법
201	아기 1개월일 때 어떻게 놀아줘
202	2개월차에 해줄 수 있는 놀이 방법
202	아기 2개월일 때 어떻게 놀아줘
203	3개월차에 해줄 수 있는 놀이 방법
203	아기 3개월일 때 어떻게 놀아줘
204	4개월차에 해줄 수 있는 놀이 방법
204	아기 4개월일 때 어떻게 놀아줘
205	5개월차에 해줄 수 있는 놀이 방법
205	아기 5개월일 때 어떻게 놀아줘
206	6개월차에 해줄 수 있는 놀이 방법
206	아기 6개월일 때 어떻게 놀아줘
207	7개월차에 해줄 수 있는 놀이 방법
207	아기 7개월일 때 어떻게 놀아줘
208	8개월차에 해줄 수 있는 놀이 방법
208	아기 8개월일 때 어떻게 놀아줘
209	9개월차에 해줄 수 있는 놀이 방법
209	아기 9개월일 때 어떻게 놀아줘
210	10개월차에 해줄 수 있는 놀이 방법
210	아기 10개월일 때 어떻게 놀아줘
211	11개월차에 해줄 수 있는 놀이 방법
211	아기 11개월일 때 어떻게 놀아줘
212	12개월차에 해줄 수 있는 놀이 방법
212	아기 12개월일 때 어떻게 놀아줘
220	아기 발달 특징 알려줘
220	아기의 발달 특징 알려줘
220	아기는 어떻게 발달해
220	이 시기에 아기 발달 특성이 뭐야
220	발달 특징 알려줘
220	아기 발달 포인트 보여줘
220	시기마다 다른 돌보기 방법 알려줘
220	아기가 잘 크고 있는 걸까?
220	어떻게 아기를 돌봐야 할까
220	신생아 발달 특징 알려주세요
220	개월별 성장 발달 알려줘
400	흑백모빌 보는 시기
400	흑백모빌
400	흑백모빌 언제부터봐
400	처음 모빌다는 시기
400	흑백 모빌 달고 싶어
401	옹알이 시작하는 시기
401	아기가 아 소리를 내요
401	옹알이는 언제부터 시작해
401	아 소리도 옹알이야?
401	생후 1개월 옹알이
402	배내웃음
402	배내웃음이 뭐야
402	배내웃음 짓는 시기
402	생후 1개월 웃음
402	배냇웃음이 어떤건가요?
403	터미타임이 뭐야
403	아기 엎드려 놓아도 되나요
403	목 가누는 연습시키는 방법
403	목 가누도록 하려면 어떻게 하나요
403	생후 2개월 터미타임 정보
404	기저귀 발진
404	생후 1개월 땀띠
404	신생아 열꽃 예방방법
404	신생아 적정 온도가 뭐야
404	적정 습도
405	생후 1개월 건강검진
405	생후 1개월 검진
405	언제 처음으로 건강검진 받나요
405	처음 건강검진은 어디로 가니
405	1개월 건강검진 받는 장소
406	신생아 사경
406	머리 방향이 한쪽만 향해
406	사경
406	사경이 뭐니
406	한 방향으로만 누워
407	목 가누는 시기
407	목은 언제부터 가누나요
407	언제 혼자 목 가눌 수 있니
407	혼자 목 가누는 시간
407	목을 가눌 수 있는 시기
408	뒤집기
408	처음 뒤집기 시작 시기
408	뒤집기는 언제부터 시작해
408	뒤집는 시기
408	뒤집기 시작하는 시기
409	손가락 빠는거 괜찮아?
409	아기가 자꾸 손가락을 빨아요
409	장난감을 입에 가져가는 행동
409	손가락을 빠는 행동
409	손가락 빨아
410	옹알이 할 때 뭐하면 좋아?
410	아기의 언어를 발달시킬 수 있는 방법
410	옹알이 호응
410	옹알이에 답변 하는 방법
410	아기와 소통하는 방법
411	밤중 수유 안하는 시기
411	밤에 수유 줄이는 시기
411	새벽 수유 언제부터 안해야 될까
411	새벽에 수유 꼭 해야되나요
411	아기가 새벽에 일어나서 밥을 찾아
412	이유식 시작하는 시기
412	이유식 언제부터 먹이나요
412	첫 이유식은 무엇을 해야 될까
412	이유식 시작 음식은?
412	쌀미음 만드는 방법
413	말타기 놀이
413	말타기 놀이가 뭐야
413	말타기 놀이 알려줘
413	말놀이 알려줘요
413	말놀이
414	배밀이가 뭔가요
414	배밀이는 어떻게 하는거니
414	배밀이
414	배밀이의 장점
414	배밀이 단계 알려줘
415	배냇머리가 빠져요
415	배냇머리가 뭔가요
415	머리 밀어도 되나요
415	4개월차 아기 머리 밀어도 되니
415	배냇머리 밀어도 될까?
416	치아발육기가 뭐야
416	이가 나서 간지러워해
416	아이 치아의 좋은것은?
416	아기 잇몸에 좋은 거 알려줘
416	치아발육기 효과
417	혼자 앉는 시기
417	아기가 혼자 앉을 때
417	스스로 앉아 있는 시기는?
417	언제 혼자 앉을 수 있니
417	아기가 언제 혼자 앉아?
418	낯가림이 뭐야
418	왜 낮을 까릴까
418	낯가림이 절정인 시기
418	아기가 낯을 가려요
418	할머니, 할아버지만 바라보면 울어
418	친척 만나면 울어
418	엄마 아닌 사람 만나면 낯을 가려요
419	이가 나는 시기
419	이가 처음 나오는 시기
419	6개월 아기 이가 안나와요
419	아기 이가 안생겨요
419	이가 나오지 않아
419	6개월이 넘도록 이가 안나는데 괜찮을까?
419	이가 나올 때 주의해야 할 점
420	안전 사고에 대비하는 방법
420	걷는 아기 조심해야 할 점
420	아기 안전을 위해 해야할 일
420	아기를 안전하게 키우기 위해 무얼 해야할까
420	콘센트는 어떻게 해야될까
420	안전용품 알려줘
420	아이를 위해 집을 안전하게 하는 방법
420	아이에게 위협이 되는 물건
420	아이에게 위험한 물품
420	아기한테 위험한 상황을 없애는 방법
421	아이와 공놀이 하는 방법
421	공놀이 하는 방법
421	10개월 아이와 공놀이
421	11개월 아기랑 공놀이
421	공놀이는 어떻게 하면 좋을까
421	공놀이 종류 알려줘
421	공놀이 영상 보여줘
422	아이가 젖병을 물고 잠들어
422	젖병 물고 자는거 괜찮아?
422	젖병을 너무 오래 물어
422	젖병을 오랫동안 물고있는 아기
422	치아우식증이 뭐야
422	치아우식증이 걱정돼
423	걸음마를 시작하는 시기
423	언제부터 걷니
423	아이가 걷기 시작하는 시기
423	아기가 안걸어요
423	우리 애가 안 걸어
423	아이가 언제부터 걸어야 되요?
423	돌이 지났는데 안걸어도 되는건가
424	수면 습관 바로잡는 방법
424	수면 습관을 만다는 의식
424	일정한 시간에 잠들게 하는 방법
424	아이의 숙면을 위한 목욕 시간
424	언제 목욕해야 아기가 잘잘까?
424	깊은 잠을 들게하는 방법
424	잘 자도록 하려면 어떻게 해야 해
425	돌이 지나면서 젖병을 떼야하는 이유
425	젖병 떼는 방법
425	컵 사용하는 방법
425	젖병을 떼야하는 시기
425	언제 젖병이랑 이별하나요?
425	젖병을 떼야하는 이유
425	왜 젖병을 계속 사용하면 안되?
425	젖병을 계속사용하면 안좋은점
425	젖병 사용의 단점
230	개월별로 성장 기준 알려줘
230	성장 발달 기준 알려줘
230	개월마다 성장 평균을 알려줄래
231	발달 이상 신호
231	발달이 이상한 신호는 뭘까
232	발달 검사 어디서 해
232	발달 검사 할 수 있는 곳 알려줘
240	성장 표준 수치
240	신체 성정 표준치 보여줘
240	평균 키 보여줘
240	성장에 따른 평균 몸무게 보여줘
240	키랑 몸무게 분포표 보여줘
240	평균 아기 키가 얼마지?
240	일반적으로 지금 시기에는 얼마나 커?
240	지금 시기에 몸무게는 얼마일까
240	다른 아기들의 평균 키는 얼마야
240	우리 아기 머리둘레가 정상일까?
240	머리둘레 평균치 보여줘
241	집에서 키 측정하는 방법 알려줘
241	키 측정법
242	집에서 몸무게 측정하는 방법 알려줘
242	몸무게 측정법
243	머리둘레 측정법
243	머리둘레 집에서 측정하는 방법 알려줘
250	개월별 수면 정보 알려줘
250	아기가 지금 밤잠은 얼마나 자야될까?
250	지금 시기에 낮잠 시간 좀 알려줘
250	수면 시간 정보 알려줘
250	시기별 수면 정보 알려줘
250	수면 시간 정보
250	개월별 총 수면 시간
250	수면 정보
251	잘 재우는 요령
251	잘 재우려면 어떻게 해
260	안는 방법
260	잘 안는 방법 알려줘
100	예방 접종 시기
100	예방 접종 시기 알려줘
100	언제 다시 예방 접종 하러 가야될까?
100	2개월차에 맞아야하는 예방 접종 알려줘
100	6개월차에 맞는 예방 접종 리스트
100	예방 접종 시기별 정리
100	표준 예방접종 일정표
100	예방접종 일정표 좀 보여줄래
100	예방접종 표
100	국가예방접종 그림
101	국가예방접종과 기타예방접종
101	국가예방접종에는 뭐뭐가 있어?
101	기타예방접종이 뭐니
101	국가예방접종은 무료야?
101	국가예방접종과 기타예방접종 차이점 알려줘
102	무료예방접종
102	무료예방접종 리스트
102	무료로 맞을 수 있는 주사 알려줘
102	예방접종 중에 공짜도 있을까
102	모든 예방접종이 무료야?
103	예방접종에 대한 사이트
103	예방접종 사이트 알려줘
103	접종 관련한 정보있는 사이트 알려줘
103	예방 접종 도우미 사이트 주소가 뭐야
103	예방접종도우미사이트
104	경피용과 피내용 차이 알려줄래
104	BCG가 무슨 주사일까
104	결핵 주사 차이점 알려줘
104	피내용 주사는 흉터가 덜 남아?
104	BCG (경피용, 피내용)
104	피내용 주사 비용 알려줘
105	B형간염 주사
105	비형간염 주사는 뭘 예방하는 거
105	비형감염 2차 접종 시기
105	B형간염 주사 왜 맞아야 돼
105	B형간염 접종 부위 알려줘
106	디탭주사는 언제 맞아야해
106	DTaP주사 시기
106	DTaP이 포함된 예방 질병 알려줘
106	DTaP은 뭐뭐가 들어있니
106	디탭주사
106	Dtap주사
106	파상풍 예방주사 알려줘
106	백일해 예방주사 알려줘
106	디프테리아 예방하려면 어떤 주사 맞아야돼
107	척수성 소아마비 예방 주사 알려줘
107	폴리오 주사 정보는?
107	폴리오 예방 주사 시기가 언제니
107	폴리오 주사가 뭐야
107	소아마비 예방하는 주사 알려줘
108	b형헤모필루스인플루엔자가 예방해주는 질병이 뭘까?
108	b형헤모필루스인플루엔 꼭 맞아야돼?
108	b형헤모필루스인플루엔는 이름이 너무 길어
108	b형헤모필루스인플루엔자 정보좀 알려줘
108	b형헤모필루스인플루엔자 접종 시기 알려줘
109	폐렴구균은 언제 맞아야돼
109	폐렴구균이 예방해주는 질병 종류
109	폐렴구균 접종 주사 맞는 시기
109	폐렴 구균 예방 주사 정보 알려줘
109	폐렴구균
110	홍역 예방 하는 주사 알려줘
110	유행성 이하선염 예방 주사는 뭐가 있어?
110	풍진 예방 접종 주사 알려줘
110	MMR 주사는 어떤 질병을 예방하니
110	MMR 주사 정보
111	수두 주사 접종 시기
111	수두는 언제 맞을 수 있니
111	수두 주사 정보 알려줘
111	예방 접종 중에 수두에 대해서 알려줄래
111	수두 예방 접종
112	에이형 간염은 얼마야
112	A형 간염 주사 언제 맞아
112	A형간염는 꼭 맞야아 될까
112	A형간염 예방 접종 시기 알려줘
112	A형간염 정보 알려줘
113	일본뇌염이 뭐야
113	일본뇌염 예방 주사 꼭 맞아야 할까?
113	일본뇌염 주사 비용
113	일본뇌염 예방 접종 시기 알려줘
113	일본뇌염 정보 알려줘
114	매년 인플루엔자 예방 접종 해야되?
114	인플루엔자 접종 시기는?
114	인플루엔자 바이러스 독감이 뭐야
114	인풀루엔자가 뭘까?
114	인풀루엔자 예방 접종 정보 알려줘